filename,status,error,gt_period,detected_period,detected_period_harmonic_corrected,harmonic_type,confidence,n_detections,time_span_days,error_pct,error_pct_harmonic_corrected
TARGET_107540.csv,SUCCESS,,,0.47831428931529746,0.47831428931529746,1x,0.5028075454680003,48,25.68736588140291,,
TARGET_110644.csv,SUCCESS,,,2.0649131964493486,2.0649131964493486,1x,0.398853047269128,9,25.68740573874993,,
TARGET_112038.csv,SUCCESS,,,1.396398639641055,1.396398639641055,1x,0.39775937648646736,20,25.687386370499098,,
TARGET_143064.csv,NO_PERIOD,no_valid_clusters,,,,1x,0.0,9,25.687400101453022,,
TARGET_158655.csv,NO_PERIOD,no_valid_clusters,,,,1x,0.0,2,25.687424534236015,,
TARGET_161324.csv,SUCCESS,,,2.397341074504614,2.397341074504614,1x,0.5133252921503892,5,25.687344914072128,,
TARGET_161733.csv,SUCCESS,,,1.6755975012055084,1.6755975012055084,1x,0.4693387361238324,18,25.687337215294065,,
TARGET_167136.csv,SUCCESS,,,0.5333630718223503,0.5333630718223503,1x,0.49000102042433225,26,25.655325410118166,,
TARGET_169403.csv,SUCCESS,,,0.9681903454077807,0.9681903454077807,1x,0.4177903209119306,24,25.687385904372604,,
TARGET_172574.csv,SUCCESS,,,1.7232321419140817,1.7232321419140817,1x,0.42727374424715486,16,26.670713535691903,,
TARGET_176066.csv,SUCCESS,,,1.6725346016886533,1.6725346016886533,1x,0.4982912217705297,13,25.68736667256144,,
TARGET_189771.csv,SUCCESS,,,0.46465624476086304,0.46465624476086304,1x,0.48743568372377166,64,25.687326484595815,,
TARGET_189814.csv,SUCCESS,,,1.2426537067379588,1.2426537067379588,1x,0.37365078326593987,22,25.68735078978625,,
TARGET_198907.csv,NO_PERIOD,no_valid_clusters,,,,1x,0.0,11,25.687505679441074,,
TARGET_201414.csv,SUCCESS,,,1.0963629635733505,1.0963629635733505,1x,0.6565775466905133,10,25.620546877205925,,
TARGET_208618.csv,SUCCESS,,,1.688963079732639,1.688963079732639,1x,0.2217573026638526,8,26.670647958009795,,
TARGET_216970.csv,SUCCESS,,1220.0,0.799283013587869,7.99283013587869,10x,0.3922399046770437,19,25.687390482753926,99.93448499888625,99.3448499888624
TARGET_217301.csv,SUCCESS,,,0.7878014223899407,0.7878014223899407,1x,0.4179623274336062,13,26.670700573078648,,
TARGET_245051.csv,NO_PERIOD,no_valid_clusters,,,,1x,0.0,8,25.687331850876035,,
TARGET_260265.csv,SUCCESS,,,0.4289079908685835,0.4289079908685835,1x,0.5713493662213579,57,25.686059152576036,,
TARGET_262316.csv,SUCCESS,,,1.5646696210627624,1.5646696210627624,1x,0.4222735309538596,15,25.68732419168009,,
TARGET_262998.csv,SUCCESS,,,0.5163391786514353,0.5163391786514353,1x,0.6226831084267049,16,25.68728638324228,,
TARGET_263032.csv,SUCCESS,,,6.626697831071397,6.626697831071397,1x,0.34674772920729247,4,25.638568587542977,,
TARGET_294851.csv,SUCCESS,,,5.890105288479542,5.890105288479542,1x,0.3664174041589101,6,25.623358864892907,,
TARGET_319684.csv,SUCCESS,,,0.6236420574987783,0.6236420574987783,1x,0.4534267645092281,36,25.687326856192612,,
TARGET_320861.csv,SUCCESS,,,0.7171711158299937,0.7171711158299937,1x,0.5737687053434022,18,25.68746060948115,,
TARGET_322086.csv,SUCCESS,,,1.0547800639768865,1.0547800639768865,1x,0.531791016555107,10,26.670829807123937,,
TARGET_344098.csv,SUCCESS,,,1.609450491100688,1.609450491100688,1x,0.24491201940825447,7,26.67075024656515,,
TARGET_352572.csv,SUCCESS,,,0.5236379037332881,0.5236379037332881,1x,0.5846048952704792,10,26.67072599445919,,
TARGET_355123.csv,NO_PERIOD,insufficient_detections,,,,1x,0.0,1,25.687355178178677,,
TARGET_356702.csv,SUCCESS,,,1.771626320382211,1.771626320382211,1x,0.4714174662613279,14,25.687376804885844,,
TARGET_358607.csv,NO_PERIOD,no_valid_clusters,,,,1x,0.0,30,25.687387991466494,,
TARGET_360735.csv,SUCCESS,,,0.4268755385519398,0.4268755385519398,1x,0.703315007596248,10,25.687360096492284,,
TARGET_368690.csv,SUCCESS,,,2.502882373294748,2.502882373294748,1x,0.2940988392865384,11,25.677734283254267,,
TARGET_375504.csv,SUCCESS,,,3.309879428152499,3.309879428152499,1x,0.46359363012838467,5,25.67496004812392,,
TARGET_377312.csv,SUCCESS,,,0.8889513184578846,0.8889513184578846,1x,0.48288160109041534,9,25.659604821222274,,
TARGET_379786.csv,SUCCESS,,,0.35558044994422744,0.35558044994422744,1x,0.6837687829187852,18,25.68733319477451,,
TARGET_383060.csv,SUCCESS,,,0.5163460880550588,0.5163460880550588,1x,0.5634513899006476,10,26.670759127656765,,
TARGET_391476.csv,SUCCESS,,,1.2681564896698396,1.2681564896698396,1x,0.5004633389044276,15,25.687330894407296,,
TARGET_392004.csv,SUCCESS,,5480.0,0.6222564640436303,6.222564640436303,10x,0.7110301215781446,7,25.670797923595728,99.9886449550357,99.88644955035699
TARGET_392075.csv,SUCCESS,,,0.6104820271172066,0.6104820271172066,1x,0.43725363208300067,42,25.63863078685199,,
TARGET_407419.csv,SUCCESS,,,10.32621441108688,10.32621441108688,1x,0.7260037130902439,3,26.67061238754104,,
TARGET_408528.csv,SUCCESS,,,0.3809769837436891,0.3809769837436891,1x,0.5772078155642734,17,25.687376184158893,,
TARGET_426858.csv,SUCCESS,,,2.642487630961,2.642487630961,1x,0.41572446198360424,9,25.68735450762597,,
TARGET_429445.csv,SUCCESS,,,0.9501848558085613,0.9501848558085613,1x,0.49671265064338327,26,25.68732741219219,,
TARGET_440035.csv,SUCCESS,,,0.7616195133549961,0.7616195133549961,1x,0.47748415432167307,13,26.670719200461463,,
TARGET_446479.csv,NO_PERIOD,no_valid_clusters,,,,1x,0.0,2,25.68738739309174,,
TARGET_452944.csv,SUCCESS,,,6.626697831071397,6.626697831071397,1x,0.34674772920729247,4,25.638568587542977,,
TARGET_471507.csv,NO_PERIOD,no_valid_clusters,,,,1x,0.0,12,25.60269973583172,,
TARGET_482554.csv,SUCCESS,,,1.8597966213155814,1.8597966213155814,1x,0.28036944850269424,11,25.687281141759286,,
TARGET_492077.csv,NO_PERIOD,no_valid_clusters,,,,1x,0.0,12,25.687467855172144,,
TARGET_497382.csv,SUCCESS,,,1.179823864357916,1.179823864357916,1x,0.4783123564588196,12,25.687362701867187,,
TARGET_497399.csv,SUCCESS,,,0.916589397606814,0.916589397606814,1x,0.4264648259001258,26,25.645610790152205,,
TARGET_503457.csv,SUCCESS,,760.0,0.3304491704977295,3.304491704977295,10x,0.26859747503862447,169,25.1217726371724,99.95651984598713,99.56519845987141
TARGET_520521.csv,SUCCESS,,,1.687544643501739,1.687544643501739,1x,0.47057464101017793,9,26.670870771347836,,
TARGET_526156.csv,SUCCESS,,,1.3153110000738024,1.3153110000738024,1x,0.3889425067420644,18,25.638560602383677,,
TARGET_535673.csv,SUCCESS,,,0.6518766214935567,0.6518766214935567,1x,0.7069034231828123,8,26.670842287312553,,
TARGET_564656.csv,SUCCESS,,,1.3458916511801817,1.3458916511801817,1x,0.4583574738915402,10,26.67071192170988,,
TARGET_570405.csv,SUCCESS,,,1.812129977309572,1.812129977309572,1x,0.5623529672387549,10,25.687337762446077,,
TARGET_573417.csv,SUCCESS,,,4.719906087330893,4.719906087330893,1x,0.7028904899959184,6,25.687279538952225,,
TARGET_575763.csv,SUCCESS,,,0.7111482551345034,0.7111482551345034,1x,0.41774725263315715,9,25.687374528733017,,
TARGET_579434.csv,SUCCESS,,,0.3914887060893767,0.3914887060893767,1x,0.5506899322027907,63,25.68739500060019,,
TARGET_581141.csv,SUCCESS,,2557.0,3.451570128869548,34.51570128869548,10x,0.20315229197701368,7,25.68744638306316,99.86501485612555,98.65014856125555
TARGET_587282.csv,SUCCESS,,,0.916589397606814,0.916589397606814,1x,0.4264648259001258,26,25.645610790152205,,
TARGET_593152.csv,SUCCESS,,,0.853967819064832,0.853967819064832,1x,0.44374269846887937,22,25.687464933611864,,
TARGET_595948.csv,SUCCESS,,,0.37475853942709136,0.37475853942709136,1x,0.6638564235088612,25,26.670708331462265,,
TARGET_598369.csv,SUCCESS,,,0.5460179363081432,0.5460179363081432,1x,0.49762504322314727,44,26.670707648336247,,
TARGET_606983.csv,SUCCESS,,,1.670031934901969,1.670031934901969,1x,0.4880876769652287,13,25.687343908244202,,
TARGET_612311.csv,SUCCESS,,,2.9864706033576263,2.9864706033576263,1x,0.5781215408213253,8,25.5178643140016,,
TARGET_623481.csv,SUCCESS,,,2.5778976371996123,2.5778976371996123,1x,0.5959814599492581,8,25.687403963183442,,
TARGET_630458.csv,SUCCESS,,,0.3555787556326777,0.3555787556326777,1x,0.6528136372821748,61,25.68739261827659,,
TARGET_632323.csv,SUCCESS,,,2.4316129219269476,2.4316129219269476,1x,0.32071530532949366,12,25.687329879266144,,
TARGET_654816.csv,SUCCESS,,,0.9601277387786524,0.9601277387786524,1x,0.45334533857406134,25,25.6874114593993,,
TARGET_665427.csv,SUCCESS,,,2.5452344735815586,2.5452344735815586,1x,0.5287959729416265,12,25.68736473121953,,
TARGET_666847.csv,SUCCESS,,,1.1992295020138954,1.1992295020138954,1x,0.35234534532689216,11,26.67076145037572,,
TARGET_677057.csv,SUCCESS,,,0.8267834112689911,0.8267834112689911,1x,0.4791778430400793,18,25.68735804618609,,
TARGET_680828.csv,SUCCESS,,,1.9184338159168874,1.9184338159168874,1x,0.5762143606384172,10,25.68735694210318,,
TARGET_682765.csv,SUCCESS,,,3.077211158594764,3.077211158594764,1x,0.8045562596076634,3,25.687389662724854,,
TARGET_690341.csv,SUCCESS,,,0.6933541398147781,0.6933541398147781,1x,0.5906488365285157,11,26.670691793966398,,
TARGET_704201.csv,SUCCESS,,,2.5452344735815586,2.5452344735815586,1x,0.5287959729416265,12,25.68736473121953,,
TARGET_711878.csv,SUCCESS,,,1.4087982722617198,1.4087982722617198,1x,0.3014106280892915,14,25.68737794528988,,
TARGET_728038.csv,SUCCESS,,,2.8675244778557953,2.8675244778557953,1x,0.6707809009634337,7,25.68736792239679,,
TARGET_735324.csv,SUCCESS,,,1.0213308461588895,1.0213308461588895,1x,0.5384186625610201,5,25.60953918253017,,
TARGET_741390.csv,SUCCESS,,,0.5271877480393825,0.5271877480393825,1x,0.5938549853073728,16,26.670761388907977,,
TARGET_755674.csv,SUCCESS,,,2.3056987920190233,2.3056987920190233,1x,0.38079094193592694,12,25.528948514961485,,
TARGET_765822.csv,SUCCESS,,,0.6984550207764642,0.6984550207764642,1x,0.5436418432700478,17,25.68738183728601,,
TARGET_777568.csv,SUCCESS,,,2.347352225468967,2.347352225468967,1x,0.6372013277103549,5,25.6873752891579,,
TARGET_781446.csv,SUCCESS,,,2.4138511819887527,2.4138511819887527,1x,0.44214126491774375,8,25.68735974584979,,
TARGET_785743.csv,SUCCESS,,,0.7365519690820292,0.7365519690820292,1x,0.4625345600087512,25,25.64836098505384,,
TARGET_801978.csv,SUCCESS,,,0.46888485230003124,0.46888485230003124,1x,0.5218091230892344,57,25.68718173750949,,
TARGET_813536.csv,SUCCESS,,,4.350332754355785,4.350332754355785,1x,0.3563324229245941,6,25.687329622221114,,
TARGET_814825.csv,SUCCESS,,,1.0729639055042905,1.0729639055042905,1x,0.41358016065026865,19,26.670755101549275,,
TARGET_816751.csv,SUCCESS,,,1.2541507876866036,1.2541507876866036,1x,0.42688125058810183,7,25.687418850840004,,
TARGET_820892.csv,SUCCESS,,,0.7171711158299937,0.7171711158299937,1x,0.5737687053434022,18,25.68746060948115,,
TARGET_821590.csv,SUCCESS,,,1.4283290302568428,1.4283290302568428,1x,0.4518640486054639,16,25.687448626620153,,
TARGET_830429.csv,SUCCESS,,,1.600068738333107,1.600068738333107,1x,0.40310355751244265,9,26.670733186132566,,
TARGET_832052.csv,SUCCESS,,,0.6839174683675082,0.6839174683675082,1x,0.5753390684200903,13,25.687485417586686,,
TARGET_838797.csv,SUCCESS,,,1.3423219916175446,1.3423219916175446,1x,0.44155556529485623,6,25.687339343366148,,
TARGET_846420.csv,SUCCESS,,,0.35848216009006656,0.35848216009006656,1x,0.5981996594718028,76,25.687401154314102,,
TARGET_852787.csv,SUCCESS,,,0.447941277381517,0.447941277381517,1x,0.6148870592965902,19,25.68744333111954,,
TARGET_859782.csv,SUCCESS,,,1.1972930629522125,1.1972930629522125,1x,0.5350785513468344,13,25.68751694937555,,
TARGET_863587.csv,SUCCESS,,6.6732,1.8357907579496595,7.343163031798638,4x,0.27532883878640335,1487,1662.4290234829364,72.4900983343874,10.039606662450376
TARGET_864491.csv,SUCCESS,,,4.601631048923309,4.601631048923309,1x,0.752689787171541,4,25.510950935587516,,
TARGET_865388.csv,NO_PERIOD,no_valid_clusters,,,,1x,0.0,54,25.593044117477803,,
TARGET_890170.csv,SUCCESS,,,1.0937996363422826,1.0937996363422826,1x,0.8095755406708184,6,26.670569392102607,,
TARGET_892495.csv,SUCCESS,,,0.5926161617511146,0.5926161617511146,1x,0.5331276578572641,12,25.687356991463275,,
TARGET_903035.csv,SUCCESS,,,0.5778926936976774,0.5778926936976774,1x,0.713062964049229,6,25.687376177638725,,
TARGET_916449.csv,SUCCESS,,,1.0810765783583822,1.0810765783583822,1x,0.4077143295343262,20,26.67077398783931,,
TARGET_923267.csv,SUCCESS,,,4.320099724080174,4.320099724080174,1x,0.43127623035033685,4,25.644199259128527,,
TARGET_934904.csv,SUCCESS,,,1.7182594528793411,1.7182594528793411,1x,0.45535710181317646,16,26.670695094573603,,
TARGET_944151.csv,SUCCESS,,,1.4111831022823935,1.4111831022823935,1x,0.5888649750496787,8,25.687361794293793,,
TARGET_945964.csv,SUCCESS,,,2.522597956298142,2.522597956298142,1x,0.48413261931620727,10,25.645627529278954,,
TARGET_954596.csv,SUCCESS,,,0.7874844741520584,0.7874844741520584,1x,0.42176311630909863,31,25.687370114729674,,
TARGET_956795.csv,SUCCESS,,,0.9381047826290114,0.9381047826290114,1x,0.48419750230133696,7,25.687194427245686,,
TIC_100272295.csv,SUCCESS,,13092.18348,1.182642453635026,11.82642453635026,10x,0.5353842710592558,12,24.36249435877812,99.99096680507539,99.90966805075398
TIC_100389539.csv,SUCCESS,,4.28088,1.3542895986510861,4.062868795953259,3x,0.4809285832348758,38,52.36935369931916,68.36422420971655,5.0926726291496385
TIC_100909102.csv,SUCCESS,,3.110413,0.48056542388167145,2.8833925432900287,6x,0.5755728698919014,20,24.919692680991375,84.549787315007,7.298723890041972
TIC_101418130.csv,SUCCESS,,25775.78859,0.7111320921153872,7.111320921153872,10x,0.34452405024903815,129,762.166794444845,99.99724108502197,99.97241085021967
TIC_102734241.csv,SUCCESS,,10.904821,0.7434130173732351,7.434130173732351,10x,0.5374444753336161,106,1875.8913898603143,93.18271233087425,31.82712330874252
TIC_1042868.csv,SUCCESS,,146.05,0.9433919372025407,9.433919372025407,10x,0.5596428104817405,19,765.5500923391926,99.3540623504262,93.54062350426197
TIC_105138916.csv,SUCCESS,,2342.6,0.3296542848916033,3.296542848916033,10x,0.3011555313256124,319,53.266705389421986,99.98592784577428,99.85927845774285
TIC_10988057.csv,SUCCESS,,18600.0,8.582117164013365,85.82117164013366,10x,0.3557158356107616,6,1875.8917810306968,99.95385958513971,99.53859585139713
TIC_113329742.csv,SUCCESS,,286.6,0.7821503446297423,7.821503446297423,10x,0.45227612008449586,181,1849.822200623245,99.72709338987099,97.27093389870991
TIC_115319029.csv,SUCCESS,,17244.90764,0.7380739447400325,7.380739447400325,10x,0.32365568285778906,221,755.8535115080228,99.99572004698345,99.95720046983448
TIC_115582979.csv,SUCCESS,,7.29903,1.754908267765982,7.019633071063928,4x,0.025939586142286846,1222,1523.878161364233,75.95696595621635,3.82786382486539
TIC_11665403.csv,NO_PERIOD,no_valid_clusters,2690.0,,,1x,0.0,634,2228.981433533899,,
TIC_117905020.csv,SUCCESS,,1143.59858,0.8891238938519639,8.891238938519638,10x,0.6521062760781613,27,1875.8913314632186,99.92225209882196,99.22252098821951
TIC_118339710.csv,SUCCESS,,80.389,0.7703826746017057,7.703826746017057,10x,0.2909672694067138,168,1488.82438478708,99.0416814805487,90.41681480548701
TIC_118585685.csv,SUCCESS,,8.781,0.7521067371752989,7.521067371752989,10x,0.21753692978410047,220,1852.0868528180704,91.43483957208407,14.348395720840584
TIC_11893637.csv,SUCCESS,,389.7,0.778098734290188,7.780987342901881,10x,0.3408729607989024,110,1465.5201509064154,99.80033391473178,98.00333914731797
TIC_120106432.csv,SUCCESS,,49.7701438,1.4668544134597672,14.668544134597672,10x,0.43341931395412764,46,220.3167638946079,97.05274226380723,70.52742263807228
TIC_120315006.csv,SUCCESS,,28.26731672,2.229097623972541,22.29097623972541,10x,0.33484762335486923,46,220.3171647595923,92.11422277518338,21.14222775183378
TIC_120506209.csv,SUCCESS,,20324.58153,1.0406373915702236,10.406373915702236,10x,0.5171713053916891,25,24.4151641248759,99.99487990741639,99.94879907416376
TIC_120523708.csv,SUCCESS,,24955.45756,0.333120555720044,3.33120555720044,10x,0.5854027239038142,72,24.415193392153014,99.9986651394593,99.98665139459298
TIC_120576846.csv,SUCCESS,,15.86621821,0.7705327035730534,7.705327035730534,10x,0.5452413247148034,117,1142.5226659810323,95.14356418539982,51.435641853998334
TIC_120638033.csv,SUCCESS,,160.018032,1.6335966059044078,16.33596605904408,10x,0.43735313804810555,29,53.28759781593317,98.97911717480414,89.79117174804145
TIC_120693914.csv,SUCCESS,,10.84969477,1.82812746084126,10.96876476504756,6x,0.4733939475280781,68,1142.522653712258,83.1504249695933,1.0974501824401135
TIC_120762990.csv,SUCCESS,,12.12400943,0.401534604334347,4.01534604334347,10x,0.6475912650612492,19,53.287609151525885,96.68810382693385,66.88103826933867
TIC_120763491.csv,SUCCESS,,40.80970001,0.9715791130301535,9.715791130301536,10x,0.39283687463696904,56,53.28762095534057,97.61924465802964,76.1924465802964
TIC_120765183.csv,SUCCESS,,20.060548,1.0261549859466528,10.261549859466527,10x,0.43554684930022347,30,53.28762684944877,94.88471109589501,48.84711095895024
TIC_120765800.csv,SUCCESS,,41.008011,1.3917634597467776,13.917634597467776,10x,0.48882783463940455,35,53.28763852101565,96.6061181076381,66.06118107638098
TIC_120826158.csv,SUCCESS,,5.1830043,0.8000114531635063,4.800068718981038,6x,0.3504714281163892,294,1849.8221217387627,84.56471561940425,7.388293716425482
TIC_120892579.csv,SUCCESS,,85.65399933,2.048843442383154,20.48843442383154,10x,0.5861836929425006,19,53.28764037900464,97.60800025870414,76.08000258704145
TIC_120899945.csv,SUCCESS,,14.496481,2.1675889285467442,15.17312249982721,7x,0.3492368381861031,27,53.28769694730545,85.04748201617521,4.667625886773561
TIC_120962548.csv,SUCCESS,,13.22713379,0.9356845474060993,9.356845474060993,10x,0.4442004549686729,41,53.2876459066365,92.92602190118092,29.260219011809113
TIC_121395761.csv,SUCCESS,,71.52530845,0.7862901819600514,7.8629018196005145,10x,0.49936379744210374,60,1142.5227584813915,98.90068257096758,89.00682570967575
TIC_121458707.csv,SUCCESS,,12.794585,2.4664694236138303,12.332347118069151,5x,0.3800777808520179,37,220.31726051217447,80.72255236403659,3.6127618201829006
TIC_121460918.csv,SUCCESS,,13.233549,1.3237681503727798,13.2376815037278,10x,0.4067159708018134,33,220.31705016598517,89.99687725210539,0.0312274789461185
TIC_121490076.csv,SUCCESS,,7.610303,5.94367332631697,5.94367332631697,1x,0.023657490354511822,362,1845.2086937793838,21.899649379046142,21.899649379046142
TIC_121603794.csv,SUCCESS,,8.457458,1.756740016297405,8.783700081487025,5x,0.15172925076277533,559,1142.5233927696518,79.22851031246735,3.8574484376632308
TIC_122066280.csv,SUCCESS,,9.1149903,1.1872183454591902,9.497746763673522,8x,0.4495902822260343,60,246.38584822163511,86.97510028662137,4.199197707029062
TIC_122136712.csv,SUCCESS,,3.932461302,0.4566319670085315,4.1096877030767835,9x,0.5987020884607255,30,79.35680117757875,88.38813831998056,4.506755120174948
TIC_122294985.csv,SUCCESS,,33.8678531,0.3765475758607756,3.7654757586077556,10x,0.6203278767041862,11,26.4476948587062,98.88818587127751,88.88185871277517
TIC_122374509.csv,SUCCESS,,12.18420029,0.806887403930367,8.068874039303669,10x,0.5348945465119631,77,1142.5229081272341,93.37759241702054,33.77592417020527
TIC_122441003.csv,SUCCESS,,21.22265,1.822092699492429,18.22092699492429,10x,0.40920879456746584,103,1168.5917927153182,91.41439594257818,14.143959425781938
TIC_122446315.csv,SUCCESS,,9.751962,1.581367221426035,9.48820332855621,6x,0.41100509570827914,37,246.3860192695024,83.78411214660153,2.7046728796091544
TIC_122447896.csv,SUCCESS,,29.53910065,1.7725679301623132,17.72567930162313,10x,0.5618623230932012,800,1459.488915850554,93.99924882221384,39.99248822213844
TIC_122450762.csv,SUCCESS,,1.970342457,0.7129504950663432,2.1388514851990297,3x,0.46292549261254,41,220.31748202012068,63.81590963878098,8.552271083657088
TIC_122596334.csv,SUCCESS,,61.0370117,2.969015235041651,29.69015235041651,10x,0.7479043943058649,455,1426.4464347181201,95.13571331172878,51.35713311728773
TIC_122712446.csv,SUCCESS,,4.144495,1.6245306607449639,4.873591982234892,3x,0.5751796026075624,872,1459.4889537752897,60.80268740232613,17.591937793021632
TIC_122716806.csv,SUCCESS,,1.732342,4.4166471838678785,4.4166471838678785,1x,0.5548013230771526,1048,1330.7764507068205,154.95238145053796,154.95238145053796
TIC_123416515.csv,SUCCESS,,20.09,0.8149385726013065,8.149385726013065,10x,0.5043186298904383,63,1849.822093782413,95.94356111198951,59.43561111989515
TIC_12421862.csv,SUCCESS,,10.2152,0.7365670271847193,7.365670271847193,10x,0.25531623709833146,188,1851.9216383722614,92.78949969472238,27.894996947223806
TIC_12514017.csv,SUCCESS,,21.89288,0.3336155444345744,3.336155444345744,10x,0.4173684669682842,89,27.46618110881809,98.47614592308287,84.76145923082872
TIC_12973036.csv,SUCCESS,,2560.19774,0.43955613846687164,4.395561384668716,10x,0.5210435489222505,56,24.28155789440916,99.98283116449956,99.82831164499548
TIC_137004295.csv,SUCCESS,,2615.0,1.94928753071963,19.4928753071963,10x,0.4798920147697569,12,1683.419115587147,99.92545745580422,99.25457455804221
TIC_137099260.csv,SUCCESS,,21.76129913,1.850005359123827,18.50005359123827,10x,0.42853831666460956,55,1849.8222600031452,91.49864468995135,14.986446899513442
TIC_137150039.csv,SUCCESS,,3.5538229,0.3259259329370252,3.259259329370252,10x,0.31203258409844814,180,26.70453281853679,90.82886395557232,8.288639555723162
TIC_137152419.csv,SUCCESS,,2.414351654,1.6310912962964017,1.6310912962964017,1x,0.3930537482539781,100,1168.5918311703263,32.441850647809495,32.441850647809495
TIC_137349536.csv,SUCCESS,,66.4162133,0.5133639228181437,5.133639228181437,10x,0.5533370925020382,22,26.703932700032965,99.22705029794562,92.27050297945631
TIC_137555411.csv,SUCCESS,,10.91,1.446117692776761,11.568941542214088,8x,0.3792776138657954,69,246.3861098308439,86.74502573073546,6.039794154116292
TIC_137686948.csv,SUCCESS,,1071.23205,0.7973989031597739,7.973989031597739,10x,0.4590554564470326,96,1168.5919240208627,99.92556244903615,99.25562449036157
TIC_137899939.csv,SUCCESS,,36.065978,0.5237132091883832,5.237132091883831,10x,0.5828642857766589,38,52.69259653271138,98.54790237717002,85.47902377170021
TIC_137969066.csv,SUCCESS,,86.4945,1.5227060046767784,15.227060046767784,10x,0.4357054014195388,29,219.46556340185816,98.23953430024247,82.39534300242467
TIC_138214374.csv,NO_PERIOD,no_valid_clusters,5.687945,,,1x,0.0,610,1459.4888817466854,,
TIC_138431522.csv,SUCCESS,,70.46829987,0.5670732863572459,5.670732863572459,10x,0.5265326775572358,40,52.692665901342025,99.19527888794907,91.95278887949073
TIC_138574253.csv,SUCCESS,,6.93366476,1.5183951103247146,7.591975551623573,5x,0.5059443169497541,48,246.38627365770253,78.1011173328675,9.494413335662525
TIC_138575125.csv,SUCCESS,,1.480280042,1.4176769155099715,1.4176769155099715,1x,0.40632152309587344,61,246.38622857843075,4.229140751330107,4.229140751330107
TIC_138644215.csv,SUCCESS,,1.5449298,0.7717882712798569,1.5435765425597139,2x,0.4876245182393193,112,1168.5920850102102,50.04379672915514,0.08759345831028294
TIC_138890353.csv,SUCCESS,,5.524242,1.3645626650122722,5.458250660049089,4x,0.3697092354509582,54,246.38644859486385,75.29864432057335,1.1945772822934138
TIC_13894108.csv,SUCCESS,,1820.0,0.36481220824816774,3.6481220824816774,10x,0.7441411452287082,18,26.446960844036767,99.97995537317318,99.79955373173178
TIC_139106731.csv,SUCCESS,,1.340597468,0.7350149164069282,1.4700298328138564,2x,0.5506434402862603,121,1139.255532797874,45.1725865554948,9.65482688901039
TIC_141488193.csv,SUCCESS,,56.39879,0.8406761012626702,8.406761012626703,10x,0.4636282606213913,71,948.9217592970626,98.50940755774606,85.09407557746061
TIC_14156936.csv,SUCCESS,,4.9394392,1.572020965568845,4.716062896706536,3x,0.3766366359907265,13,24.081558342518292,68.17410029930431,4.522300897912948
TIC_143046056.csv,SUCCESS,,6449.08337,2.5132444890522248,25.132444890522248,10x,0.05263577666752155,751,1741.1097314429314,99.96102943093055,99.6102943093055
TIC_143713715.csv,SUCCESS,,4055.0,0.7085053303665239,7.085053303665239,10x,0.2821588497939436,201,760.5333113214583,99.9825276120748,99.82527612074809
TIC_144193715.csv,SUCCESS,,9.151201,0.7727849199220285,7.727849199220285,10x,0.4686418242298882,41,2581.749774559127,91.55537158541236,15.553715854123581
TIC_147670988.csv,SUCCESS,,3459.0,0.8198893166950834,8.198893166950834,10x,0.30750319275019855,582,1684.1341778222888,99.97629692637481,99.76296926374818
TIC_148673433.csv,SUCCESS,,3.771116,0.819296422592356,4.09648211296178,5x,0.5671436805896346,43,1467.732620466556,78.27443063028673,8.627846848566318
TIC_151724385.csv,SUCCESS,,6.1406325,0.8025892955985423,6.4207143647883385,8x,0.5445431350681685,34,1059.7401752121787,86.92985949576787,4.561124033857078
TIC_151759246.csv,SUCCESS,,2.6278838,1.6436659065474812,3.2873318130949625,2x,0.11220173847120568,309,1058.487291375539,37.452869622793784,25.094260754412435
TIC_151920165.csv,SUCCESS,,3.4678796,0.770366122356639,3.8518306117831953,5x,0.45273719784653454,30,759.4701754766229,77.78567276797502,11.071636160124921
TIC_152449405.csv,SUCCESS,,21.85849,0.7399883725707304,7.399883725707303,10x,0.4987273145029326,41,2229.177916994261,96.61464093553246,66.14640935532462
TIC_154220877.csv,SUCCESS,,2.002849,4.750548029921295,4.750548029921295,1x,0.4806879056355998,10,54.99183287374353,137.18952501767708,137.18952501767708
TIC_157236902.csv,SUCCESS,,101.94054,0.8009399141717685,8.009399141717685,10x,0.19453433788234806,202,1496.0684649888778,99.21430677709597,92.14306777095975
TIC_158108219.csv,SUCCESS,,12.8345022,1.2694504733318375,12.694504733318375,10x,0.4195266704311118,46,246.38475896912996,90.1090790001046,1.090790001045963
TIC_158172348.csv,SUCCESS,,36.8601,0.6370470163607631,6.3704701636076315,10x,0.6373556997375085,35,246.38516044599328,98.2717165271913,82.7171652719129
TIC_158241252.csv,SUCCESS,,1.8498567,6.229268800932075,6.229268800932075,1x,0.06723354530042858,280,1496.0683710118642,236.74331643808273,236.74331643808273
TIC_158387462.csv,SUCCESS,,88.255055,2.286500411931298,22.86500411931298,10x,0.3599367896001449,55,220.29595898080925,97.40921309047816,74.09213090478161
TIC_158394235.csv,SUCCESS,,96.678988,1.3226911089175637,13.226911089175637,10x,0.4361142419447052,49,246.3849632243523,98.6318732371117,86.31873237111704
TIC_158426969.csv,SUCCESS,,20.050401,0.48889422790608705,4.8889422790608705,10x,0.5991346054721675,25,53.28774757493147,97.56167356500208,75.61673565002081
TIC_158553540.csv,SUCCESS,,23.668205,1.8941824005392087,18.941824005392085,10x,0.4081986934267984,51,246.3856432679204,91.9969325914694,19.969325914694057
TIC_158561894.csv,SUCCESS,,28.986769,2.232789158104379,22.327891581043787,10x,0.5540786156559437,42,246.38489568926252,92.297212710722,22.97212710721989
TIC_158665380.csv,SUCCESS,,12.412183,0.6666744037560193,6.666744037560193,10x,0.6355274515344114,18,79.35682956380424,94.62887065268036,46.28870652680361
TIC_158792051.csv,SUCCESS,,3.33616,0.6222311815963621,3.1111559079818107,5x,0.5603005713797854,53,246.3855826082031,81.34888070127445,6.744403506372275
TIC_158838045.csv,SUCCESS,,22.714613,1.3773154905605527,13.773154905605526,10x,0.42616759625565254,45,246.38506829907556,93.93643426563969,39.364342656396886
TIC_158935283.csv,SUCCESS,,13.17562,4.22206971015475,12.666209130464251,3x,0.27585344048640104,68,246.3851929766256,67.95543807308688,3.866314219260643
TIC_159096688.csv,SUCCESS,,13.93290318,0.8172655085367275,8.172655085367275,10x,0.546567749533551,143,1168.5919380718665,94.13427698464257,41.34276984642569
TIC_159099716.csv,SUCCESS,,14.20443009,3.117459310995132,15.58729655497566,5x,0.38372051615332176,21,53.28791135527172,78.05290820368892,9.735458981555379
TIC_159217436.csv,SUCCESS,,1.611865,1.7673684576284359,1.7673684576284359,1x,0.42833227653011346,51,246.38577744670647,9.64742442006221,9.64742442006221
TIC_159375845.csv,SUCCESS,,20.4998,1.1143757958291947,11.143757958291946,10x,0.3430619128923605,5,26.447692944139817,94.5639674736866,45.639674736865985
TIC_159376971.csv,SUCCESS,,38.23,1.7463307894070537,17.463307894070535,10x,0.13859079705866723,1011,1875.8912523625763,95.43204083335849,54.32040833358478
TIC_159379942.csv,SUCCESS,,55.6738309,1.2119438030705776,12.119438030705776,10x,0.5566024434528191,24,79.35692233496138,97.8231356034266,78.23135603426604
TIC_159386728.csv,SUCCESS,,4.40966548,1.121916944096134,4.487667776384536,4x,0.43447733725307747,88,220.31641644153387,74.55777656639536,1.7688937344185154
TIC_159396818.csv,SUCCESS,,4.59489604,1.1336026542842526,4.53441061713701,4x,0.48724629014068827,58,246.38530689123036,75.32909026850905,1.316361074036179
TIC_159522175.csv,NO_PERIOD,no_valid_clusters,6.827766,,,1x,0.0,39,52.6926114762482,,
TIC_159581842.csv,SUCCESS,,32.2968798,2.126028476319228,21.260284763192278,10x,0.3955204730824862,38,79.35706900881678,93.41723259496038,34.172325949603724
TIC_159642189.csv,SUCCESS,,11.349393,7.120917907693834,14.241835815387669,2x,0.2648960185066923,13,79.35711878707707,37.2572796827651,25.485440634469786
TIC_159654016.csv,SUCCESS,,60.888588,1.6923527447085314,16.923527447085313,10x,0.1700949648716851,412,1168.5925225940664,97.22057482313676,72.20574823136758
TIC_159715997.csv,SUCCESS,,31.0033814,1.8725026825859248,18.72502682585925,10x,0.5521423975878814,781,1459.4890182368981,93.9603275577356,39.60327557735606
TIC_160004049.csv,SUCCESS,,10.66669,0.7124903154764297,7.124903154764297,10x,0.3554239078585542,224,784.0039252804927,93.3204179039943,33.20417903994306
TIC_16005254.csv,SUCCESS,,3.792622,1.1069867850212662,3.3209603550637987,3x,0.42521579381897145,21,24.08168321937046,70.81209819957628,12.436294598728832
TIC_164458488.csv,SUCCESS,,122.3874,1.6878723754906686,16.878723754906687,10x,0.39353219366532083,135,1168.5914685787684,98.62087733255983,86.20877332559832
TIC_164555597.csv,SUCCESS,,0.893041236,0.7283975795466259,0.7283975795466259,1x,0.5694244991796276,110,1168.5915373200364,18.436288249221906,18.436288249221906
TIC_164785720.csv,SUCCESS,,15.660544,1.7771996009917888,15.9947964089261,9x,0.4433060077166554,132,1168.5915622899588,88.65173776216338,2.1343601405295973
TIC_164786172.csv,SUCCESS,,16.2254649,0.7518908655088775,7.518908655088775,10x,0.5863994919057791,48,246.38514910469667,95.36598260732191,53.659826073219165
TIC_166184428.csv,SUCCESS,,16.336334,2.795939872501953,16.775639235011717,6x,0.2834739517657716,27,734.1524712291093,82.8851450239573,2.689129856256097
TIC_167730892.csv,SUCCESS,,14773.93272,0.35636008014110604,3.5636008014110603,10x,0.6255768395344766,28,53.20663120278505,99.99758791320568,99.97587913205678
TIC_169175503.csv,SUCCESS,,10.3039,1.7771677050020571,10.663006230012343,6x,0.44150310915973606,54,1875.8915489931926,82.75247522780639,3.4851486331616397
TIC_169465273.csv,SUCCESS,,10.29672521,1.5107308701358357,10.57511609095085,7x,0.6049783470341467,810,960.8048734749827,85.32804518597193,2.703683698196409
TIC_170251516.csv,SUCCESS,,2.534756273,2.180825804911282,2.180825804911282,1x,0.42353730574572696,13,52.69292730170264,13.96309664399509,13.96309664399509
TIC_170733187.csv,SUCCESS,,0.921032135,1.7691888800390492,1.7691888800390492,1x,0.590984136752568,815,1459.4888900973892,92.0876387270732,92.0876387270732
TIC_170867837.csv,SUCCESS,,20608.14049,0.7427098308035435,7.4270983080354345,10x,0.3757032675916327,190,762.0174458638987,99.99639603664792,99.96396036647927
TIC_171029578.csv,SUCCESS,,20.310501,1.6513754181129987,16.513754181129986,10x,0.4666877397320306,93,1139.2557378122883,91.86935163188245,18.693516318824496
TIC_174328045.csv,SUCCESS,,5.056973,0.323896336401536,3.2389633640153597,10x,0.30014412626968434,156,25.750853404941154,93.59505505760983,35.9505505760984
TIC_174500619.csv,NO_PERIOD,no_valid_clusters,663.87,,,1x,0.0,84,1845.6414189648622,,
TIC_176287658.csv,SUCCESS,,10.3465,0.7360100928253814,7.360100928253814,10x,0.30458361314893706,86,785.289345815157,92.88638580364972,28.86385803649723
TIC_179348425.csv,SUCCESS,,9.02378,0.3268341376499772,3.268341376499772,10x,0.33815247606549204,132,25.820342622567296,96.37807950049783,63.780795004978266
TIC_18318288.csv,SUCCESS,,1.3888725,0.755719940775028,1.511439881550056,2x,0.5189600623899295,82,1522.694776662144,45.58752219695991,8.82495560608019
TIC_184090767.csv,SUCCESS,,67.093408,0.7616000999148582,7.616000999148582,10x,0.44468781242132127,82,1847.88026165551,98.86486597921088,88.64865979210866
TIC_186810676.csv,SUCCESS,,9.485236,0.736545395601911,7.36545395601911,10x,0.41344981590413993,13,25.489221713848565,92.234822669653,22.348226696530173
TIC_193336820.csv,SUCCESS,,5.0066338,1.830769811584199,5.492309434752597,3x,0.4256682319841421,61,759.1167700611231,63.43311924302915,9.70064227091258
TIC_19342878.csv,SUCCESS,,1.332813,0.7134370412885195,1.426874082577039,2x,0.3872796041558592,131,752.7213590146926,46.471332340807045,7.0573353183859195
TIC_193634953.csv,SUCCESS,,2.94815527,3.6312502054025657,3.6312502054025657,1x,0.23493592708561062,76,220.31479062103654,23.1702496253722,23.1702496253722
TIC_193754373.csv,SUCCESS,,3.9540709,1.737471092461135,3.47494218492227,2x,0.41273368412919365,116,1164.3849086794517,56.05867632618487,12.117352652369743
TIC_194736418.csv,SUCCESS,,5.8267311,0.7454752555207217,5.9638020441657735,8x,0.2606065206228002,148,1872.1691573495098,87.2059437319714,2.352450144228787
TIC_200215494.csv,SUCCESS,,11.12214,0.8223195018308731,8.223195018308731,10x,0.16954480216205647,1010,785.0828446166602,92.60646330804258,26.064633080425793
TIC_202425357.csv,SUCCESS,,3.62156552,0.7421983005767743,3.7109915028838714,5x,0.246254742330281,292,786.8433628758298,79.50614736974924,2.4692631512537564
TIC_20375215.csv,SUCCESS,,3274.0,0.750416703856763,7.50416703856763,10x,0.36687384878951756,175,2230.9056458503796,99.97707951423772,99.7707951423773
TIC_204650483.csv,SUCCESS,,9.95581,2.4852566005982633,9.941026402393053,4x,0.043021220744819205,500,758.6167183868456,75.03712304073437,0.14849216293748663
TIC_206541859.csv,SUCCESS,,30.08364,0.7568680185609082,7.568680185609082,10x,0.43669574942013717,54,1118.181921015559,97.48412087579526,74.84120875795254
TIC_209464063.csv,SUCCESS,,47.73022,1.7108531127757243,17.108531127757242,10x,0.4083098968763367,41,759.0423875493441,96.41557672942692,64.15576729426925
TIC_210083929.csv,NO_PERIOD,no_valid_clusters,2.392679,,,1x,0.0,25,24.919083650509947,,
TIC_215687919.csv,SUCCESS,,40.43914,0.7374915262868399,7.374915262868399,10x,0.37140497369291664,225,1465.7133229081721,98.17629275428004,81.76292754280037
TIC_219016883.csv,SUCCESS,,4.872171,0.32676713910414396,3.2676713910414397,10x,0.3489044892587575,360,81.91336662632511,93.29319231397783,32.93192313977815
TIC_219041246.csv,SUCCESS,,10.441989,1.8331030868152727,10.998618520891636,6x,0.46085551846317635,66,1656.1304042264837,82.44488586594687,5.330684804318761
TIC_219854519.csv,SUCCESS,,31.034,1.5532902088179046,15.532902088179046,10x,0.41174357872429934,471,1272.1731440698636,94.99487591410096,49.94875914100971
TIC_22233480.csv,SUCCESS,,7.44628,0.7498327788203276,7.498327788203277,10x,0.3290609678617902,169,1115.682184537819,89.93010229510135,0.6989770489865654
TIC_229540730.csv,NO_PERIOD,no_valid_clusters,522.3,,,1x,0.0,140,1711.4112540971248,,
TIC_22972926.csv,SUCCESS,,5859.08992,4.641595574756546,46.41595574756546,10x,0.06858943971676465,594,2226.291510634389,99.92077958116137,99.20779581161361
TIC_230055368.csv,SUCCESS,,1.4344555,1.6865799414318645,1.6865799414318645,1x,0.46977435056606276,26,764.1326714759762,17.576316688239153,17.576316688239153
TIC_232608943.csv,SUCCESS,,82.6869,4.343824361160401,43.43824361160401,10x,0.2818306831345201,329,1272.1722753842068,94.74665955410059,47.46659554100588
TIC_232941965.csv,NO_PERIOD,no_valid_clusters,7.148972,,,1x,0.0,17,27.697033815451505,,
TIC_233435627.csv,SUCCESS,,84.96276,0.7466603788843713,7.466603788843713,10x,0.3784876409537313,101,761.3610234440264,99.12119100311199,91.21191003111986
TIC_237356930.csv,SUCCESS,,41.83156,0.7159537005034053,7.159537005034053,10x,0.3380326298940509,390,784.006674642983,98.288484339328,82.88484339327997
TIC_2382387.csv,SUCCESS,,20.6532,0.8489771604808166,8.489771604808166,10x,0.45479129050930184,13,26.4469829294203,95.88936745646768,58.89367456467682
TIC_239229224.csv,SUCCESS,,11.463462,1.4592397533613923,11.673918026891139,8x,0.5502444140122638,39,246.38614817246253,87.27051432314782,1.8358854148174335
TIC_239332587.csv,SUCCESS,,0.9263237,0.7581436606022773,0.7581436606022773,1x,0.20200819300890274,898,1164.385161500938,18.15564466262956,18.15564466262956
TIC_239977528.csv,SUCCESS,,30.158577,1.6481063505870541,16.48106350587054,10x,0.3241887814108823,77,375.7442014684998,94.53519855864866,45.351985586486585
TIC_24108819.csv,SUCCESS,,3.71778,0.8369608333817666,3.3478433335270665,4x,0.4684248326440051,35,1496.5267350404904,77.48761805750294,9.950472230011817
TIC_246965431.csv,SUCCESS,,4.07853,1.7551987072650812,3.5103974145301624,2x,0.12952677924394607,259,377.01922256728903,56.96491855484498,13.929837109689947
TIC_247985094.csv,NO_PERIOD,no_valid_clusters,284.39,,,1x,0.0,283,759.1181598776038,,
TIC_248644661.csv,SUCCESS,,14.23283,0.7258950460988427,7.258950460988427,10x,0.438730778942012,52,762.1924610618598,94.89985444849096,48.9985444849097
TIC_250111245.csv,SUCCESS,,2.930289,0.7764535558007613,3.105814223203045,4x,0.534370441079049,25,621.2657980592189,73.50249221831837,5.990031126726574
TIC_259172249.csv,SUCCESS,,4.291452,1.6398333750850387,4.919500125255116,3x,0.48703602849372735,147,837.5688511612061,61.78837896625573,14.634863101232783
TIC_259233660.csv,SUCCESS,,0.448959,4.824189303517926,4.824189303517926,1x,0.2300281633550705,476,1979.4725390454073,974.5278084452981,974.5278084452981
TIC_261135533.csv,SUCCESS,,0.23818244,0.7361123928403686,0.7361123928403686,1x,0.3344861802057406,228,1845.7221786418154,209.05401457822356,209.05401457822356
TIC_262587669.csv,SUCCESS,,4356.0,2.762666438213311,27.626664382133107,10x,0.058346232648296074,607,2199.0332014879586,99.93657790545883,99.36577905458832
TIC_264508613.csv,SUCCESS,,328.24017,0.6518651536111217,6.518651536111218,10x,0.5388968613084705,41,216.67965984811963,99.80140603948287,98.01406039482882
TIC_26539443.csv,SUCCESS,,54.418694,2.15384064108632,21.538406410863196,10x,0.4346667386280654,55,246.38502215192557,96.042094209232,60.420942092319976
TIC_265979849.csv,SUCCESS,,4.5661061,0.5747999238085089,4.598399390468071,8x,0.47462528992235814,47,25.852524618695497,87.41159510488579,0.7072391609137392
TIC_267215820.csv,SUCCESS,,2.262196,0.7672533550778238,2.3017600652334713,3x,0.42874184881584565,58,619.6738662421672,66.08369234682478,1.7489229595256757
TIC_26751563.csv,SUCCESS,,12.691112,1.456767602700214,13.110908424301927,9x,0.43219527515291695,57,246.38499738654446,88.52135571177519,3.3077985940233345
TIC_267570317.csv,SUCCESS,,6.53192704,1.229287751528283,6.146438757641414,5x,0.46394305332412955,54,219.46374101430183,81.18032023321125,5.901601166056287
TIC_267989857.csv,SUCCESS,,3.720230103,0.6810288189605705,3.4051440948028526,5x,0.5082301089015465,61,271.513832651156,81.6939060191092,8.46953009554601
TIC_268159861.csv,SUCCESS,,3.8867907,0.8326383933474517,4.1631919667372586,5x,0.5346267168665814,73,1139.2558308088019,78.5777404132553,7.111297933723532
TIC_268383727.csv,SUCCESS,,2.970414375,0.7503972888429871,3.0015891553719483,4x,0.47498677159762404,41,216.67974705984307,74.7376226307487,1.0495094770051545
TIC_268804174.csv,SUCCESS,,1891.0,0.7128102198805502,7.128102198805502,10x,0.3694083898852603,133,755.8929902213135,99.96230511793334,99.6230511793334
TIC_26884478.csv,SUCCESS,,3.4982,0.7497042599013051,3.7485212995065256,5x,0.18472843380599813,1971,1901.0203893331902,78.56885655762092,7.155717211895414
TIC_270610053.csv,SUCCESS,,43.3167737,1.6899001903788897,16.899001903788896,10x,0.561733401727495,861,1459.4889189802634,96.09873948119342,60.98739481193426
TIC_270619059.csv,NO_PERIOD,no_valid_clusters,10.56134221,,,1x,0.0,782,1459.489072097727,,
TIC_270619473.csv,SUCCESS,,59.65829849,1.901477349516973,19.01477349516973,10x,0.639422087217335,770,1421.2361415061753,96.81271944114246,68.12719441142457
TIC_27064468.csv,SUCCESS,,5.4588385,0.7813605373938355,5.469523761756848,7x,0.3951128965830019,178,759.2969260145292,85.68632251359267,0.19574240485130118
TIC_270779644.csv,SUCCESS,,33.6727,0.7450312101172756,7.450312101172756,10x,0.43885846620892816,277,1168.5921314268617,97.78743251917051,77.87432519170498
TIC_270788519.csv,SUCCESS,,42.6318,1.470340564481108,14.703405644811081,10x,0.43431400920497487,50,246.38544613149452,96.55107088023234,65.51070880232342
TIC_270790652.csv,NO_PERIOD,no_valid_clusters,14.878296,,,1x,0.0,749,1459.4891524062552,,
TIC_27083727.csv,SUCCESS,,15.27,1.466252153261661,14.66252153261661,10x,0.4786690808019466,55,271.51352048847684,90.3978247985484,3.9782479854838857
TIC_270854155.csv,SUCCESS,,67.668827,1.7881650554856363,17.881650554856364,10x,0.6276351835862857,433,1330.7558572891867,97.3574759091278,73.57475909127793
TIC_270948636.csv,SUCCESS,,127.9075774,1.4952627382998191,14.952627382998191,10x,0.4303292557013282,52,246.38596736200589,98.8309818943535,88.30981894353494
TIC_270958237.csv,SUCCESS,,105.0149994,1.6421159088190507,16.421159088190507,10x,0.46624861491868236,84,1168.5923506177041,98.43630346312314,84.36303463123144
TIC_270959184.csv,NO_PERIOD,no_valid_clusters,17.42395198,,,1x,0.0,680,960.8259637269002,,
TIC_270959279.csv,NO_PERIOD,no_valid_clusters,59.6225257,,,1x,0.0,725,1459.4891548662272,,
TIC_271052158.csv,SUCCESS,,5.960392,1.8282100195211468,5.48463005856344,3x,0.15397902596481525,713,1847.880285169775,69.32735263853205,7.982057915596143
TIC_271159950.csv,SUCCESS,,5.433074,1.4883014806727095,5.953205922690838,4x,0.44374709524110384,39,246.38576225730094,72.60664072175882,9.573437112964735
TIC_271169413.csv,SUCCESS,,3.965991,1.7592951696514256,3.5185903393028513,2x,0.44844020065566936,25,1464.75358606822,55.64046490142248,11.280929802844954
TIC_271253308.csv,SUCCESS,,52.6298417,1.857027522455764,18.57027522455764,10x,0.39539371957330105,26,52.69293987362653,96.47153124069577,64.71531240695782
TIC_271349932.csv,SUCCESS,,44.96417488,1.7112742929086568,17.11274292908657,10x,0.4014533198731837,103,1168.592312125094,96.19413833907619,61.94138339076185
TIC_271424795.csv,SUCCESS,,4.88083852,1.2151465708827687,4.860586283531075,4x,0.3952018457312394,26,52.69293780189946,75.10373338713184,0.41493354852734377
TIC_271662623.csv,SUCCESS,,3.619337,2.18912169208071,4.37824338416142,2x,0.3455587050660406,53,246.38544260387744,39.5159474765486,20.968105046902803
TIC_271972463.csv,NO_PERIOD,no_valid_clusters,5138.0,,,1x,0.0,2459,2555.766489974719,,
TIC_272083669.csv,SUCCESS,,1.045622658,2.4159415900877663,2.4159415900877663,1x,0.6799714496776635,596,1459.4891263665343,131.05291106725102,131.05291106725102
TIC_272178989.csv,SUCCESS,,2.364369015,0.7606923311863327,2.282076993558998,3x,0.21550274760460683,582,789.3463440863934,67.8268355590706,3.480506677211792
TIC_27239696.csv,SUCCESS,,7.256965224,1.3868653803694122,6.9343269018470615,5x,0.40997455706179103,57,246.38501788227722,80.88918249486967,4.445912474348361
TIC_272489533.csv,SUCCESS,,4.790936,0.840655589490457,5.043933536942742,6x,0.4796847006845998,37,52.6540356950195,82.45320769280873,5.2807538431475916
TIC_272496083.csv,SUCCESS,,50.697494,1.3744758827713497,13.744758827713497,10x,0.45281442171104674,44,246.38543844866535,97.2888681977627,72.88868197762694
TIC_272715773.csv,SUCCESS,,1.921437396,1.5697701077661965,1.5697701077661965,1x,0.42281469301313895,38,246.38593853570956,18.302302690990377,18.302302690990377
TIC_272942100.csv,SUCCESS,,3.306539,1.5475732508972442,3.0951465017944884,2x,0.3723791812517792,100,1139.2557445431858,53.19658256269639,6.393165125392791
TIC_272945038.csv,SUCCESS,,8.03755877,2.728174793405229,8.184524380215688,3x,0.5183887258515031,21,246.38601789999257,66.05717144379612,1.8284856686116342
TIC_273036401.csv,SUCCESS,,6.919798,1.6180735590326094,6.472294236130438,4x,0.43366969885025414,55,246.38588570806678,76.6167515434322,6.467006173728807
TIC_27318774.csv,SUCCESS,,3.243259796,0.8081730643059978,3.232692257223991,4x,0.5169601479371827,112,1164.38455357759,75.08145769565732,0.3258307826293139
TIC_273231214.csv,SUCCESS,,22.342989,0.7469780760552036,7.469780760552036,10x,0.3492405426890444,271,1875.8915601178412,96.65676747164311,66.56767471643103
TIC_273502299.csv,SUCCESS,,1.53818001,0.79999574186877,1.59999148373754,2x,0.46498641211124025,53,1139.2557511651225,47.990759425564896,4.018481148870211
TIC_273685548.csv,SUCCESS,,40.7157,0.7305652840227594,7.305652840227594,10x,0.5760457312764045,5,52.693082659579886,98.20569145557424,82.0569145557424
TIC_273694712.csv,SUCCESS,,96.101141,2.185745130614805,21.85745130614805,10x,0.47377407715234804,35,246.38596545069913,97.7255783772486,77.25578377248607
TIC_273773509.csv,SUCCESS,,10.41889954,1.32362163015448,10.58897304123584,8x,0.48026470990719394,25,52.69296533971146,87.29595553663933,1.632355706885343
TIC_273876171.csv,SUCCESS,,9.84564,2.1816623362333756,10.908311681166879,5x,0.4306810255465432,46,246.3853979842129,77.84133549232578,10.79332253837109
TIC_274030824.csv,SUCCESS,,19.747412,0.6191520410666864,6.191520410666865,10x,0.2084735560889484,708,246.38668803882,96.864642105676,68.64642105675992
TIC_274031725.csv,SUCCESS,,71.4517775,0.6727013231156224,6.727013231156223,10x,0.4932181876040288,160,246.38613690299462,99.0585240190622,90.58524019062196
TIC_274626553.csv,SUCCESS,,6.9442,0.7280553193419412,7.280553193419412,10x,0.2733488147712398,437,813.182691793967,89.51563435180525,4.843656481947696
TIC_27534138.csv,SUCCESS,,15.413135,0.7941696506653021,7.941696506653021,10x,0.20119699341228323,1023,1193.7212669980045,94.84744894101492,48.47448941014906
TIC_27644083.csv,SUCCESS,,3.709213846,0.6525431544800236,3.915258926880142,6x,0.5982362493681501,40,246.38512167876024,82.40750785550628,5.55495286696237
TIC_27686898.csv,SUCCESS,,11.379349,0.6235395402642375,6.235395402642375,10x,0.5301853884795196,52,216.67912904116747,94.52042871464582,45.20428714645824
TIC_277128619.csv,SUCCESS,,21.491984,1.8344895138257773,18.344895138257773,10x,0.4544136906474899,41,783.4671652886632,91.46430820986198,14.643082098619775
TIC_27767452.csv,SUCCESS,,3.137873,1.7472385455190125,3.494477091038025,2x,0.43480112780479097,72,271.51354662325093,44.31774181048715,11.364516379025698
TIC_27774415.csv,SUCCESS,,4.942782,1.82692152442183,5.48076457326549,3x,0.436225625590165,106,1193.7211929551559,63.03859801177091,10.88420596468729
TIC_279401253.csv,SUCCESS,,76.8,1.0689979958983713,10.689979958983713,10x,0.48156667157453226,22,25.429480771791077,98.608075526174,86.08075526173997
TIC_27992970.csv,SUCCESS,,3.568096926,1.8266184912946863,3.6532369825893727,2x,0.39673704646985986,110,1164.3846548227148,48.80692623609838,2.3861475278032493
TIC_279947414.csv,SUCCESS,,4.0664428,1.5407247510313913,4.622174253094174,3x,0.12295936167541754,747,752.562252733509,62.11124004913111,13.666279852606667
TIC_28089143.csv,SUCCESS,,8.129976,1.5245230484244228,7.622615242122114,5x,0.37338439058618894,91,1164.3845185543896,81.24812363007685,6.240618150384272
TIC_281837575.csv,SUCCESS,,5.2097118,0.8646647682207588,5.187988609324552,6x,0.47784390928626214,41,759.0399065446927,83.40282915034265,0.4169749020559561
TIC_282485660.csv,SUCCESS,,6.3085044,0.6518653135764604,6.518653135764604,10x,0.5814042959700173,7,27.88793188957561,89.66688025807731,3.3311974192267066
TIC_28361491.csv,SUCCESS,,11.04603384,1.7573096202959846,10.543857721775908,6x,0.4602569155465496,25,216.67959940121,84.09103533675228,4.546212020513711
TIC_28448998.csv,SUCCESS,,14.970418,1.3936013399454472,13.936013399454472,10x,0.5014381014109852,31,271.5124109538028,90.69096574360552,6.90965743605508
TIC_28450124.csv,SUCCESS,,4.85386933,1.3263600073324824,5.3054400293299295,4x,0.3931573290981421,67,216.67962861284104,72.67417152878974,9.30331388484101
TIC_286201103.csv,SUCCESS,,0.8574347,0.7719892612583711,0.7719892612583711,1x,0.5138355842285715,111,1873.0096070224447,9.965241521206094,9.965241521206094
TIC_286992966.csv,SUCCESS,,65.78395,0.378456909025844,3.78456909025844,10x,0.5581637499164099,71,24.640476881568702,99.42469719585728,94.24697195857281
TIC_288329878.csv,SUCCESS,,512.5352,0.7249193565385212,7.249193565385212,10x,0.3253774728984968,24,25.381006425604483,99.8585620350488,98.58562035048809
TIC_289574465.csv,SUCCESS,,5.748916,1.4575154779244097,5.830061911697639,4x,0.43413056801561734,34,53.28708325601974,74.6471251636933,1.411499345226796
TIC_290348383.csv,SUCCESS,,6.441008,2.662963495457147,5.325926990914294,2x,0.03631249096934505,1086,2227.2209847116264,58.65610638184043,17.312212763680876
TIC_291466351.csv,SUCCESS,,26125.56497,0.686022128966705,6.8602212896670505,10x,0.3936932111939883,317,788.3468601840118,99.99737413476127,99.9737413476128
TIC_293607057.csv,SUCCESS,,4.2889731,0.7543450539495211,4.526070323697127,6x,0.5333030095090786,43,755.7299224425888,82.41198915541062,5.528065067536258
TIC_294028147.csv,SUCCESS,,3441.0,0.7894115078417534,7.894115078417534,10x,0.35718304068128864,232,2231.1933939338787,99.97705866004529,99.77058660045284
TIC_294401924.csv,SUCCESS,,36.116,0.3297541644706522,3.297541644706522,10x,0.30074280911098,116,23.75372702265622,99.08695823327432,90.86958233274305
TIC_297820335.csv,SUCCESS,,803.0,19.490171514713893,194.90171514713893,10x,0.7173344919867026,420,1846.7417191112786,97.57283044648644,75.7283044648644
TIC_298130822.csv,SUCCESS,,310.9,0.7236782609921062,7.236782609921062,10x,0.47664851733984365,272,1656.1213410293894,99.76723118012475,97.67231180124764
TIC_298896336.csv,SUCCESS,,7.81254,2.7167597650051722,8.150279295015517,3x,0.15369707805654204,498,1548.9783058849048,65.22565305259018,4.323040842229505
TIC_299096355.csv,NO_PERIOD,no_valid_clusters,228.776,,,1x,0.0,1255,1901.0201891791633,,
TIC_299158887.csv,SUCCESS,,9.4341505,0.7714090308174748,7.7140903081747485,10x,0.2623373837121126,476,1875.8914660298408,91.82322742447796,18.232274244779656
TIC_299220166.csv,SUCCESS,,3.21751883,1.8138729468117467,3.6277458936234934,2x,0.4266752338742081,100,1168.5921094524492,43.6251023646147,12.749795270770598
TIC_300611942.csv,SUCCESS,,14583.81038,0.8118449601022288,8.118449601022288,10x,0.44385831804539994,89,1844.9251804690152,99.99443324522913,99.94433245229138
TIC_301132473.csv,SUCCESS,,13.102,1.1568498772249833,11.568498772249834,10x,0.4919850658376325,17,1380.7233283060068,91.17043293218605,11.704329321860529
TIC_301288279.csv,SUCCESS,,6.669,0.3364052901432452,3.3640529014324523,10x,0.3380438704816979,177,26.67103927455173,94.95568615769614,49.556861576961275
TIC_303432813.csv,SUCCESS,,23.443162,0.3260646462113831,3.260646462113831,10x,0.3352531604002349,273,50.383907646804346,98.60912684811296,86.09126848112967
TIC_307958020.csv,SUCCESS,,271.9445,0.7428601890946865,7.428601890946865,10x,0.2255742695838682,3770,1979.4718497554206,99.72683389842608,97.26833898426081
TIC_308087983.csv,SUCCESS,,15.017,3.579339607485086,14.317358429940343,4x,0.11002216775649229,692,2311.9166010875297,76.16474923430056,4.658996937202212
TIC_308120029.csv,SUCCESS,,6.8500246,1.2735415359524986,6.367707679762493,5x,0.596308616268236,16,25.488758990419228,81.40821952737952,7.041097636897646
TIC_309433928.csv,SUCCESS,,10839.83341,1.711336645607988,17.11336645607988,10x,0.12596320426405208,1016,2256.0154036830822,99.9842125189486,99.84212518948591
TIC_311649327.csv,SUCCESS,,1.87567,0.7393548813918945,2.2180646441756835,3x,0.32420518652776614,261,761.2055087273136,60.58182508693455,18.254524739196317
TIC_316830331.csv,SUCCESS,,25.33798,0.754802520878411,7.548025208784111,10x,0.43771942549866916,148,2581.7619499736365,97.02106276475706,70.21062764757052
TIC_318093199.csv,SUCCESS,,2.45946,0.32043998178563493,2.5635198542850794,8x,0.5806574952665553,99,24.094107713130597,86.97112448319407,4.231004134447377
TIC_320264344.csv,SUCCESS,,4060.0,2.515854697043845,25.15854697043845,10x,0.09399239465183774,229,406.670609874855,99.93803313554079,99.38033135540792
TIC_322807371.csv,SUCCESS,,98.29838,0.7175392777013583,7.175392777013583,10x,0.4807619959995357,26,757.9950679251929,99.27003956962326,92.70039569623265
TIC_323687123.csv,SUCCESS,,4.0179694,0.7622737919652662,3.811368959826331,5x,0.482521839732827,61,785.2187679520298,81.02838234742987,5.141911737149341
TIC_325624908.csv,SUCCESS,,17281.66514,0.3222851399503131,3.222851399503131,10x,0.20106510396469637,343,27.83834831819695,99.99813510366425,99.98135103664262
TIC_327369524.csv,SUCCESS,,4.023687,1.7836294394046308,3.5672588788092616,2x,0.4352289206642335,103,782.6896247843251,55.67176474202316,11.343529484046304
TIC_328081248.csv,SUCCESS,,4.164663198,0.7319493157557039,4.391695894534223,6x,0.2712516285261274,91,763.2772371979404,82.42476567835764,5.451405929854081
TIC_328159699.csv,SUCCESS,,32669.22247,0.32670824895296613,3.2670824895296615,10x,0.5898025554895527,91,25.942144901761367,99.99899995095,99.98999950950002
TIC_328513434.csv,SUCCESS,,1.79058695,0.3301481874228297,1.6507409371141484,5x,0.7032781701960982,40,26.849393893846354,81.56201309169433,7.8100654584716835
TIC_328860504.csv,SUCCESS,,13.4586,0.7216544663856232,7.216544663856233,10x,0.2637327455603595,133,764.4027300627611,94.63796779467685,46.37967794676837
TIC_332657786.csv,SUCCESS,,34.005019,3.354534000016997,33.54534000016997,10x,0.3377537738897256,16,1496.7886658697873,90.1351797509156,1.3517975091560022
TIC_332911893.csv,SUCCESS,,6.6132,2.730869258791981,5.461738517583962,2x,0.7460353705713393,13,758.9922868880267,58.70578148563508,17.411562971270158
TIC_333657795.csv,SUCCESS,,0.926118,3.340679666699574,3.340679666699574,1x,0.09279155243939045,284,812.2476229877657,260.7185765420361,260.7185765420361
TIC_335590096.csv,SUCCESS,,1.5227591,0.7643675162042682,1.5287350324085365,2x,0.47170812888497465,82,783.3207636968737,49.8037794550518,0.392441089896389
TIC_336691874.csv,SUCCESS,,5.4233207,0.7807163604049583,5.465014522834708,7x,0.5308608425374788,46,756.9848840444465,85.60445889904761,0.7687877066666619
TIC_344988456.csv,SUCCESS,,18538.79293,2.761225325424952,27.61225325424952,10x,0.092806586672051,467,2227.6528252528487,99.98510568980488,99.85105689804881
TIC_346667887.csv,SUCCESS,,3.8922295,0.684828977765257,4.108973866591542,6x,0.395538237881574,38,26.447339718632975,82.40522616240239,5.56864302558578
TIC_347332255.csv,SUCCESS,,9.113678,1.769869115323636,8.84934557661818,5x,0.033663294865184476,465,734.1233101518837,80.58007847848437,2.9003923924218062
TIC_349576261.csv,SUCCESS,,225.1064,0.7976670640106749,7.976670640106748,10x,0.19770902988018463,2952,1819.3034949765688,99.64564887359458,96.45648873594587
TIC_349972412.csv,SUCCESS,,82.97213,0.7136953867742136,7.136953867742136,10x,0.3282344671440282,852,1818.7396097912188,99.13983721187559,91.39837211875586
TIC_350348197.csv,SUCCESS,,6.753581,0.32844586635108614,3.2844586635108612,10x,0.26245592084790165,195,23.33018175396637,95.13671537587116,51.367153758711694
TIC_350814495.csv,SUCCESS,,6.383159135,0.620285110201064,6.202851102010641,10x,0.575291962288189,11,24.98230642113913,90.28247460101801,2.824746010180098
TIC_350814622.csv,SUCCESS,,3.21346,0.8296394794066752,3.3185579176267006,4x,0.5207807817324052,151,1168.5918767504445,74.1823617096004,3.270553161598421
TIC_352542468.csv,SUCCESS,,402.4,7.631062861700458,76.31062861700458,10x,0.04984324815564106,341,2227.2209516242965,98.10361260892135,81.03612608921358
TIC_352617553.csv,SUCCESS,,15.564,1.7502806870336094,15.752526183302484,9x,0.13247431388382433,723,1170.7491485266294,88.75430039171415,1.211296474572628
TIC_354944123.csv,SUCCESS,,5.5382498,0.7585690677386581,5.309983474170607,7x,0.3834472556781744,251,2227.1917527053793,86.30309041425582,4.121632899790712
TIC_357501308.csv,SUCCESS,,7.435583,0.7605363303421688,7.605363303421688,10x,0.2674978292763562,212,1496.5264193333567,89.7716651089475,2.2833489105250795
TIC_358070171.csv,SUCCESS,,10256.0,0.7241456710127934,7.241456710127934,10x,0.3316457957630392,369,787.8645970502912,99.99293929727952,99.92939297279516
TIC_359271092.csv,SUCCESS,,7.57686,1.7047541497846985,6.819016599138794,4x,0.06672310390512258,1526,2202.832067175711,77.50051934726656,10.00207738906626
TIC_361711730.csv,SUCCESS,,10.24368,1.9541343849359691,9.770671924679846,5x,0.6456948546775989,15,757.948974330206,80.9235120099811,4.617560049905442
TIC_372207328.csv,SUCCESS,,0.279221,0.7738484070196566,0.7738484070196566,1x,0.4413584425068418,282,1897.3919613147673,177.14548942223422,177.14548942223422
TIC_373765355.csv,SUCCESS,,10.49488,2.5113190642123993,10.045276256849597,4x,0.04764768298011203,368,761.3175296350896,76.07100734632127,4.284029385285045
TIC_377780790.csv,SUCCESS,,151.06,0.7469841445636121,7.469841445636121,10x,0.3141867012274647,542,1875.8913445298945,99.50550500161286,95.0550500161286
TIC_377910183.csv,NO_PERIOD,no_valid_clusters,2.355750084,,,1x,0.0,895,1421.2356119528995,,
TIC_378087276.csv,SUCCESS,,4.425391,2.6366032959004593,5.2732065918009186,2x,0.6116131659943278,573,1421.2355940761627,40.42100921928799,19.157981561424023
TIC_386899832.csv,SUCCESS,,6383.78352,1.6556635113027143,16.55663511302714,10x,0.08519963603528159,1198,1493.2642092433389,99.97406454172332,99.74064541723327
TIC_388076422.csv,SUCCESS,,2.576184,20.561217266339327,20.561217266339327,1x,0.9209046780252659,806,837.5683042629589,698.1268910271675,698.1268910271675
TIC_389315309.csv,SUCCESS,,17132.15854,0.7111076656174191,7.111076656174191,10x,0.33081862591965816,259,1494.7952001502604,99.99584928154874,99.9584928154875
TIC_38991680.csv,NO_PERIOD,no_valid_clusters,1187.59765,,,1x,0.0,2,19.206983754571866,,
TIC_392681545.csv,SUCCESS,,7.501428,2.7721905431187,8.3165716293561,3x,0.03930078602674041,452,751.2208576932012,63.04449575309262,10.866512740722161
TIC_393818343.csv,SUCCESS,,16.24921,0.7190599358702993,7.190599358702992,10x,0.3810336365148426,41,27.161941442565876,95.57480064649113,55.748006464911256
TIC_394174412.csv,SUCCESS,,52.0688601,1.2807897970091149,12.80789797009115,10x,0.4575327874454153,56,246.3859582338805,97.54020004557559,75.4020004557558
TIC_394177315.csv,SUCCESS,,841.4,1.9266907496202292,19.266907496202293,10x,0.42018884078580654,39,193.3966625954854,99.77101369745421,97.71013697454217
TIC_394357918.csv,SUCCESS,,4.9019804,0.8067735901785891,4.840641541071534,6x,0.5835178889540208,95,2581.7384380312687,83.54188461915129,1.2513077149077594
TIC_394918211.csv,SUCCESS,,4.378081,0.7916639740087436,4.749983844052461,6x,0.41366745826088513,172,1522.176727132,81.91755762379125,8.494654257252463
TIC_397362481.csv,SUCCESS,,6.20401,1.7109148284878397,6.843659313951359,4x,0.06459578668050743,752,760.7086194518461,72.42243599723662,10.310256011053474
TIC_397519199.csv,SUCCESS,,10.02245,0.5698076214527343,5.698076214527344,10x,0.4026936563299461,142,111.31955034382463,94.3146873124562,43.14687312456192
TIC_399793957.csv,SUCCESS,,3552.0,0.5226997238559034,5.226997238559034,10x,0.5297782700202271,80,53.28755628662975,99.98528435462117,99.85284354621174
TIC_399860218.csv,SUCCESS,,13.821375,1.8283356925190193,14.626685540152154,8x,0.46148249256728063,92,1168.5919036814998,86.77168015107745,5.826558791380413
TIC_401701660.csv,SUCCESS,,99.62167,2.6861901042025806,26.861901042025806,10x,0.08626323668711054,712,2227.2207121412157,97.30360863835892,73.03608638358922
TIC_40292751.csv,SUCCESS,,12.779107,1.5155962223726747,12.124769778981397,8x,0.11358342720671434,241,220.31935069135125,88.14004591735028,5.120367338802332
TIC_406095880.csv,SUCCESS,,44000.0,10.364633867694595,103.64633867694594,10x,0.030819416833686327,287,2224.3593927466654,99.97644401393705,99.76444013937058
TIC_406781410.csv,SUCCESS,,5138.43727,1.6706696451172718,16.706696451172718,10x,0.3680796433582666,58,765.5516009899836,99.96748681442759,99.67486814427585
TIC_407001589.csv,SUCCESS,,17.6046,0.8024676446419527,8.024676446419527,10x,0.49874651661808594,66,79.35713381443247,95.44171611600405,54.41716116004041
TIC_4070275.csv,SUCCESS,,5.424019,0.7677684830408353,5.374379381285848,7x,0.4034126354507571,80,762.1459536767902,85.84502592928168,0.9151815049717339
TIC_407591297.csv,SUCCESS,,2.594675,0.7191959998774508,2.876783999509803,4x,0.3433758597361459,156,765.5401085764613,72.28184647875166,10.872614084993417
TIC_409594381.csv,SUCCESS,,3.4913885,0.36859761021848947,3.317378491966405,9x,0.5767200295240816,58,24.660161351864645,89.44266413724827,4.983977235234483
TIC_416283848.csv,SUCCESS,,41.74600392,10.74127322980177,42.96509291920708,4x,0.17468380062734218,130,1168.5920927383522,74.2699367096649,2.9202531613403844
TIC_417646390.csv,SUCCESS,,3.8016122,0.7605353812602321,3.8026769063011607,5x,0.47973783737525494,61,944.198179713544,79.99439865906805,0.028006704659686823
TIC_418343111.csv,SUCCESS,,490.0,4.530123819681666,45.30123819681666,10x,0.1357219247591751,304,1846.7419707860224,99.07548493475885,90.75484934758845
TIC_418604868.csv,SUCCESS,,15.61031,0.6850151467549375,6.850151467549375,10x,0.27495558368936246,191,762.1452352106721,95.61177742943646,56.11777429436459
TIC_419411415.csv,SUCCESS,,1.630757,0.3427719084144087,1.7138595420720435,5x,0.6433260627870336,49,25.852549107822597,78.9808102363253,5.095948818373521
TIC_419523962.csv,SUCCESS,,5.7987,0.731826305346658,5.854610442773264,8x,0.3644184940470929,73,753.1809636398848,87.3794763421688,0.9641892626496315
TIC_420202798.csv,SUCCESS,,7.479182,1.3692917123006834,6.846458561503416,5x,0.4528057598013943,42,55.51384814611947,81.69195892945669,8.459794647283399
TIC_421255607.csv,SUCCESS,,14901.99295,0.34090656095437727,3.409065609543773,10x,0.618284256730343,162,55.862951443683414,99.99771234248938,99.9771234248937
TIC_422679659.csv,SUCCESS,,4.36305,0.723431047591987,4.340586285551922,6x,0.3528824924195131,281,1822.2046474748768,83.41914377346153,0.5148626407691546
TIC_423610130.csv,SUCCESS,,0.8094,4.268987725114812,4.268987725114812,1x,0.5776344623592222,10,1381.9426976852624,427.4262076988895,427.4262076988895
TIC_424731682.csv,SUCCESS,,5163.0,2.735284892530563,27.35284892530563,10x,0.24970277780602035,815,1979.4715850116488,99.94702140436704,99.47021404367024
TIC_424934357.csv,SUCCESS,,5.101284,2.6649827125134835,5.329965425026967,2x,0.396585590407339,7,349.75209474863095,47.758589552875634,4.482820894248729
TIC_436873727.csv,SUCCESS,,22.09341,0.8050312362663437,8.050312362663437,10x,0.1652609730817856,1011,1845.387438009327,96.3562381892775,63.5623818927751
TIC_436933294.csv,SUCCESS,,10.2851,1.6584161989184976,9.950497193510985,6x,0.08883258496623524,489,1845.387491474694,83.87554618896755,3.2532771338053545
TIC_437011608.csv,SUCCESS,,4.240122,2.7066943335505664,5.413388667101133,2x,0.0838280130021174,375,785.3457431548945,36.16470626197628,27.67058747604744
TIC_437856897.csv,SUCCESS,,7.24599,0.7266989220090002,7.266989220090002,10x,0.34560894128527164,308,811.4121855298195,89.97101952929827,0.28980470701728805
TIC_440701570.csv,SUCCESS,,3.2141,39.63767047765032,39.63767047765032,1x,0.7195837315817177,71,2462.6189032822704,1133.2432244687568,1133.2432244687568
TIC_441422655.csv,SUCCESS,,1.5433897,0.9361690931899981,1.8723381863799962,2x,0.47185678273505155,25,23.81760132548834,39.34331081838903,21.313378363221943
TIC_441546821.csv,SUCCESS,,109.75,1.8922506967435908,18.922506967435908,10x,0.3666792220707716,35,762.7715901743795,98.27585357927691,82.75853579276911
TIC_44898913.csv,SUCCESS,,2.7299025,0.7138904203239917,2.855561681295967,4x,0.5738280757569604,51,789.1856599380053,73.84923379776414,4.603064808943428
TIC_456862677.csv,SUCCESS,,15.266446,1.7287351441450585,15.558616297305527,9x,0.3428089097558958,67,1162.6516821388213,88.67624367750648,1.9138069024416453
TIC_459762279.csv,SUCCESS,,8.79758977,0.33327591622206787,3.332759162220679,10x,0.6071250047433214,48,26.704360297700987,96.21173611255952,62.11736112559522
TIC_466206508.csv,SUCCESS,,75.12375,0.7971014707045848,7.971014707045848,10x,0.4729614959293504,92,1844.7972918421294,98.93894877358413,89.38948773584139
TIC_466382581.csv,SUCCESS,,5.38305,0.7043438598145713,5.63475087851657,8x,0.26721790795809514,143,762.145200996818,86.91552447377285,4.675804209817301
TIC_467331291.csv,SUCCESS,,3.320729,6.986765937531778,6.986765937531778,1x,0.19098546985052206,165,944.1943349655694,110.39855819405248,110.39855819405248
TIC_467651916.csv,SUCCESS,,3.9812091,1.8070773478174897,3.6141546956349795,2x,0.08413145699423438,689,1188.6620114906827,54.60983579542481,9.21967159084964
TIC_470171739.csv,SUCCESS,,4.6174141,6.623623685094502,6.623623685094502,1x,0.19519195335680556,156,892.0518571439025,43.44876897860432,43.44876897860432
TIC_48188777.csv,SUCCESS,,46.90232,1.739276402863453,17.39276402863453,10x,0.5329609178599191,39,219.4636930779643,96.29170496712433,62.91704967124328
TIC_48353358.csv,SUCCESS,,9.87863917,10.606612814969989,10.606612814969989,1x,0.1660563965889321,176,1875.8911693768728,7.369169299965321,7.369169299965321
TIC_48421060.csv,SUCCESS,,38.3260994,0.78583142090622,7.8583142090622005,10x,0.5318565501706503,100,1168.5917106969096,97.94961805868974,79.4961805868974
TIC_48421337.csv,SUCCESS,,4.043540001,0.7949886324180271,3.9749431620901357,5x,0.5104712118629745,119,1168.5917267680452,80.33929101180104,1.6964550590052283
TIC_48448415.csv,SUCCESS,,0.938466832,1.7797770967080258,1.7797770967080258,1x,0.37895947749081604,112,1168.591787173394,89.64730942222855,89.64730942222855
TIC_48448706.csv,SUCCESS,,51.300634,0.7111016917427454,7.111016917427454,10x,0.5272263071588632,34,79.35670367122702,98.61385398912857,86.13853989128583
TIC_48450369.csv,SUCCESS,,2.46502,6.7852004448182495,6.7852004448182495,1x,0.13772268238369917,333,1875.8912206918158,175.25944798899195,175.25944798899195
TIC_48503881.csv,SUCCESS,,13.81499958,1.643902202231493,13.151217617851945,8x,0.4526622967625443,94,1168.5918356727161,88.10059897061906,4.8047917649524505
TIC_48974071.csv,SUCCESS,,2164.0,1.8532452533324129,18.53245253332413,10x,0.5081350610848623,30,2231.4792592380854,99.91436020086265,99.14360200862643
TIC_49043968.csv,SUCCESS,,6.2463345,0.716360644555607,6.447245801000463,9x,0.46013236461499557,67,759.3559446248714,88.53150364336705,3.216467209696555
TIC_4918918.csv,SUCCESS,,0.5734745,0.7124237333576914,0.7124237333576914,1x,0.42249381155043175,115,765.5399325816409,24.22936562265478,24.22936562265478
TIC_49254857.csv,SUCCESS,,10.60057,1.1847178019534113,10.662460217580701,9x,0.578419392606816,18,24.759931272295944,88.82401793532412,0.5838385820828682
TIC_49428710.csv,SUCCESS,,12.214286,0.7734045145771233,7.734045145771233,10x,0.46601677008391273,31,758.9744448017718,93.66803336210464,36.68033362104642
TIC_49592509.csv,SUCCESS,,6.535,0.766079429527205,6.894714865744845,9x,0.24266914573055975,114,1380.6789781286616,88.27728493454927,5.504435589056541
TIC_51077087.csv,SUCCESS,,,0.6026274100605649,0.6026274100605649,1x,0.5024599425814517,58,53.1205063417824,,
TIC_51637609.csv,SUCCESS,,2.709813,0.4327531635747348,2.596518981448409,6x,0.5218146129035056,63,24.918966472900593,84.03014659776396,4.180879586583693
TIC_52005579.csv,SUCCESS,,12.761408,0.7304499383154053,7.304499383154052,10x,0.2657345165726873,267,1162.6503704299416,94.27610230536155,42.76102305361562
TIC_58824746.csv,SUCCESS,,10.283918787,2.554792162524336,10.219168650097345,4x,0.3812351241998882,38,785.0848439759184,75.15740628218619,0.6296251287447535
TIC_58825110.csv,SUCCESS,,5.858858,0.469961775698016,4.69961775698016,10x,0.6026182655054619,18,24.08359429549364,91.97861126352583,19.786112635258263
TIC_63065911.csv,SUCCESS,,3.783986,0.6547877024817252,3.9287262148903515,6x,0.4936045696978785,12,26.62366353475636,82.6958212191661,3.825072685003364
TIC_63070427.csv,SUCCESS,,2.092281,1.1037538193455865,2.207507638691173,2x,0.53861752099804,26,52.69283011758989,47.246387108347946,5.507225783304113
TIC_63203294.csv,SUCCESS,,6.738975,0.6666604352384411,6.666604352384411,10x,0.6323229337699439,12,25.852449132788934,90.10739117983906,1.0739117983905413
TIC_63204017.csv,SUCCESS,,3.940997,2.551246602654367,5.102493205308734,2x,0.3992435917451543,20,52.69285149761254,35.26392933934313,29.47214132131373
TIC_67512645.csv,SUCCESS,,3.37077196,1.3598501853512062,2.7197003707024123,2x,0.5243071988224759,12,25.388497278580417,59.65760361459734,19.31520722919469
TIC_68061731.csv,SUCCESS,,14306.88519,0.7111004419563187,7.111004419563187,10x,0.26963952594295576,255,1496.3878921032003,99.99502966276368,99.95029662763679
TIC_69274518.csv,SUCCESS,,5.9382,1.9156297891752205,5.746889367525662,3x,0.6506876333250039,39,80.35821572683199,67.7405646631097,3.2216939893290615
TIC_69356857.csv,SUCCESS,,4.0966692,1.4149456823867013,4.244837047160104,3x,0.5239651439327069,37,220.31808966717017,65.46107060861294,3.6167881741611887
TIC_71582156.csv,SUCCESS,,5.491125215,4.280881245010509,4.280881245010509,1x,0.0854670465586028,369,1120.0787084794274,22.0399995010766,22.0399995010766
TIC_7244844.csv,SUCCESS,,142.22895,0.8191882319881187,8.191882319881188,10x,0.29135366025527965,237,1820.5268978754043,99.42403552020309,94.24035520203083
TIC_73816033.csv,NO_PERIOD,insufficient_detections,,,,1x,0.0,0,24.147564269594113,,
TIC_7422496.csv,SUCCESS,,46.9622,0.7382521796182085,7.382521796182085,10x,0.3260093671917509,502,2251.9495044290547,98.4279863813488,84.27986381348812
TIC_75650448.csv,SUCCESS,,18.18424,2.4421330457527497,17.094931320269247,7x,0.5106490277774194,12,760.4721225665455,86.57005711675193,5.990399817263479
TIC_7623762.csv,SUCCESS,,50.65905,0.33212014332499423,3.3212014332499424,10x,0.60734624526908,166,55.634261951628105,99.34440116163846,93.44401161638456
TIC_8260536.csv,SUCCESS,,10.590547,0.7526711836542795,7.526711836542796,10x,0.4528555769998334,28,26.121074295134804,92.89299047863837,28.929904786383602
TIC_85266608.csv,SUCCESS,,5.167228,0.32896427529129824,3.2896427529129824,10x,0.5870139283255787,95,26.036472184991908,93.63364118457133,36.33641184571336
TIC_857186.csv,SUCCESS,,3.811678,2.1189542355828053,4.2379084711656105,2x,0.48388517187405605,7,25.073261826408725,44.40888670074426,11.18222659851148
TIC_8599009.csv,NO_PERIOD,no_valid_clusters,2.8807198,,,1x,0.0,22,26.447855372922277,,
TIC_88529975.csv,SUCCESS,,2.6085846,0.7842515261343882,2.3527545784031645,3x,0.4667146966252865,53,400.09369872968364,69.93574499617961,9.807234988538822
TIC_92566472.csv,SUCCESS,,19240.75467,0.754646162197827,7.54646162197827,10x,0.2936687584389937,183,2581.8287062334803,99.99607787649113,99.96077876491121
TIC_94924490.csv,SUCCESS,,2990.0,0.372658593382983,3.7265859338298304,10x,0.5361016391426506,71,25.281652649884563,99.98753650189354,99.87536501893545
TIC_94945758.csv,NO_PERIOD,no_valid_clusters,8030.0,,,1x,0.0,466,762.2334757027211,,
TIC_95057860.csv,SUCCESS,,3.5819194,1.5957072528513578,3.1914145057027157,2x,0.33619343511248784,20,24.330170025419193,55.45105641262174,10.902112825243478
TIC_95589845.csv,SUCCESS,,3.5658116,1.249821251395328,3.749463754185984,3x,0.30986888568211773,12,24.606000401449364,64.94987981430853,5.150360557074409
TIC_97714451.csv,SUCCESS,,6.235633,0.8000362247319117,6.400289797855294,8x,0.5443608171854379,37,426.82377722238516,87.16992766040093,2.6405787167925654
TIC_97766057.csv,SUCCESS,,3.25352,0.79303702466835,3.1721480986734,4x,0.5024364079241449,70,1493.2263474022811,75.62526049729678,2.5010419891870925
TIC_97921547.csv,SUCCESS,,2.827972,0.6956477099752895,2.782590839901158,4x,0.44826617311378353,79,52.808409001278505,75.4011811299656,1.6047245198623636
TIC_9967949.csv,SUCCESS,,2.38129,0.7205648979921155,2.1616946939763464,3x,0.3322748317176465,134,759.0415488978083,69.7405650722039,9.221695216611732
